{
    "modes": [
        {
            "index": 0,
            "strictly local log-evidence": 156.74823233835463,
            "strictly local log-evidence error": 0.03377691736706939,
            "local log-evidence": 156.74823233835463,
            "local log-evidence error": 0.03377691736706939,
            "mean": [
                2.6226311910804916,
                1603889111.2496018,
                531.0704787624637,
                0.15887103349416448,
                -1.6678426977393395,
                -3.1800252367281874,
                -3.525058056508201
            ],
            "sigma": [
                0.1073940676805261,
                59073399.74641933,
                123.01384844047216,
                1.0422398705109135,
                0.6166284371807196,
                1.5221029310176164,
                1.4134810821216748
            ],
            "maximum": [
                2.5412854378650076,
                1528374854.4724414,
                474.7126511150469,
                0.7475476341861107,
                -0.8492623615985782,
                -0.8707503536307826,
                -3.8594229812695375
            ],
            "maximum a posterior": [
                2.5412854378650076,
                1528374854.4724414,
                474.7126511150469,
                0.7475476341861107,
                -0.8492623615985782,
                -0.8707503536307826,
                -3.8594229812695375
            ]
        }
    ],
    "nested sampling global log-evidence": 157.59108429504184,
    "nested sampling global log-evidence error": 0.15389796437273667,
    "global evidence": 156.74823233835463,
    "global evidence error": 0.03377691736706939,
    "nested importance sampling global log-evidence": 156.74823233835463,
    "nested importance sampling global log-evidence error": 0.03377691736706939,
    "marginals": [
        {
            "median": 2.6234052920095676,
            "sigma": 0.10687743919724779,
            "1sigma": [
                2.5156379894713115,
                2.729392867865807
            ],
            "2sigma": [
                2.3996221200298704,
                2.816457893973855
            ],
            "3sigma": [
                2.296664533190603,
                2.9195246844266927
            ],
            "5sigma": [
                2.2034436368932035,
                3.1363525693927627
            ],
            "q75%": 2.700044631377332,
            "q25%": 2.5525261250173883,
            "q99%": 2.854027382001988,
            "q01%": 2.3483838412617932,
            "q90%": 2.7561620937074887,
            "q10%": 2.4808788226798195
        },
        {
            "median": 1603263895.527062,
            "sigma": 61835778.174244165,
            "1sigma": [
                1540005077.8396866,
                1663676634.188175
            ],
            "2sigma": [
                1495476283.6597238,
                1718967098.9880192
            ],
            "3sigma": [
                1461883652.670352,
                1764818777.779925
            ],
            "5sigma": [
                1442301056.0261178,
                1810744413.9746685
            ],
            "q75%": 1646695673.5588663,
            "q25%": 1560377558.8716922,
            "q99%": 1737739025.305279,
            "q01%": 1477715637.535563,
            "q90%": 1680499954.7128863,
            "q10%": 1526698181.3508313
        },
        {
            "median": 521.4105596281462,
            "sigma": 123.70372207861644,
            "1sigma": [
                404.5936037338591,
                652.001047891092
            ],
            "2sigma": [
                342.73292470040315,
                805.7679715800836
            ],
            "3sigma": [
                301.10093875825,
                1014.2408855267529
            ],
            "5sigma": [
                300.21418109970085,
                1440.1000863472793
            ],
            "q75%": 604.9659738590528,
            "q25%": 435.62564300205116,
            "q99%": 877.1499874167258,
            "q01%": 320.9790035840325,
            "q90%": 692.409904661434,
            "q10%": 381.74322011191845
        },
        {
            "median": 0.2119772193296409,
            "sigma": 1.1345470242974167,
            "1sigma": [
                -0.9681282424726193,
                1.3009658061222142
            ],
            "2sigma": [
                -2.0214648257946863,
                1.84283034392739
            ],
            "3sigma": [
                -2.79759684598882,
                1.9805900011503246
            ],
            "5sigma": [
                -3.060364335957927,
                1.9999332236255882
            ],
            "q75%": 1.0115502917854247,
            "q25%": -0.5331449761877414,
            "q99%": 1.9146002656367909,
            "q01%": -2.285318457329887,
            "q90%": 1.5026193206748297,
            "q10%": -1.2816344908961905
        },
        {
            "median": -1.6573303360915042,
            "sigma": 0.6592170575527603,
            "1sigma": [
                -2.3145915553215106,
                -0.99615744021599
            ],
            "2sigma": [
                -2.8870069036661903,
                -0.6235766623457861
            ],
            "3sigma": [
                -3.278690629536029,
                -0.4275306122561809
            ],
            "5sigma": [
                -3.709183389150997,
                -0.2564473013398645
            ],
            "q75%": -1.17218037742353,
            "q25%": -2.109330533703066,
            "q99%": -0.5221601674081637,
            "q01%": -3.051831810142191,
            "q90%": -0.8811680281333815,
            "q10%": -2.496212593322199
        },
        {
            "median": -3.040850136247075,
            "sigma": 1.761675831423676,
            "1sigma": [
                -5.011778460615295,
                -1.4884267977679426
            ],
            "2sigma": [
                -5.803517489397578,
                -0.756729914898412
            ],
            "3sigma": [
                -5.989563631769551,
                -0.3804905952100785
            ],
            "5sigma": [
                -5.997240075700708,
                -0.32272853834699805
            ],
            "q75%": -1.8322191439158346,
            "q25%": -4.526079962864461,
            "q99%": -0.6152963046696188,
            "q01%": -5.9183713168194085,
            "q90%": -1.211024491782328,
            "q10%": -5.350100394486237
        },
        {
            "median": -3.639138976876677,
            "sigma": 1.6035834112765857,
            "1sigma": [
                -5.088998279490169,
                -1.8818314569369978
            ],
            "2sigma": [
                -5.792419993161835,
                -0.906282788781128
            ],
            "3sigma": [
                -5.9790481634826955,
                -0.3539539488189225
            ],
            "5sigma": [
                -5.995640400332933,
                -0.24982085026074335
            ],
            "q75%": -2.3949190803112272,
            "q25%": -4.702769503433966,
            "q99%": -0.6331358653569146,
            "q01%": -5.90760317862088,
            "q90%": -1.5566421303262958,
            "q10%": -5.371804387295736
        }
    ]
}