{
    "modes": [
        {
            "index": 0,
            "strictly local log-evidence": 159.35133977884075,
            "strictly local log-evidence error": 0.06835568061041092,
            "local log-evidence": 159.35133977884075,
            "local log-evidence error": 0.06835568061041092,
            "mean": [
                2.6728060023715785,
                1608951975.2275834,
                685.8704458585813,
                0.28263642321626453,
                -2.2655172257699285,
                -2.118070145885885,
                -3.601090215831349,
                -3.3423560320902386
            ],
            "sigma": [
                0.09883620479590395,
                63837109.67672243,
                159.55945955038436,
                0.9920354259785532,
                0.6215762916109996,
                0.805058797307797,
                1.3478869049706281,
                1.4449756903814976
            ],
            "maximum": [
                2.690249159244506,
                1476641575.4384,
                758.8544978935274,
                0.8222125762500143,
                -1.34555140200501,
                -0.8616525439089173,
                -5.051141154777502,
                -1.1382101009601264
            ],
            "maximum a posterior": [
                2.690249159244506,
                1476641575.4384,
                758.8544978935274,
                0.8222125762500143,
                -1.34555140200501,
                -0.8616525439089173,
                -5.051141154777502,
                -1.1382101009601264
            ]
        }
    ],
    "nested sampling global log-evidence": 160.33797035985407,
    "nested sampling global log-evidence error": 0.1596987043844394,
    "global evidence": 159.35133977884075,
    "global evidence error": 0.06835568061041092,
    "nested importance sampling global log-evidence": 159.35133977884075,
    "nested importance sampling global log-evidence error": 0.06835568061041092,
    "marginals": [
        {
            "median": 2.684512650227605,
            "sigma": 0.09715032858139305,
            "1sigma": [
                2.573584598035248,
                2.767885255198034
            ],
            "2sigma": [
                2.4546609443954397,
                2.838125084058029
            ],
            "3sigma": [
                2.325051571477347,
                2.9205009345847213
            ],
            "5sigma": [
                2.2334175875495577,
                3.124337908600525
            ],
            "q75%": 2.744922813842657,
            "q25%": 2.6136502729538043,
            "q99%": 2.8605965416012666,
            "q01%": 2.406107689518235,
            "q90%": 2.787374214409699,
            "q10%": 2.5340950501554524
        },
        {
            "median": 1608627572.2248101,
            "sigma": 66486541.75775361,
            "1sigma": [
                1542737640.0103016,
                1675710723.5258088
            ],
            "2sigma": [
                1488347618.559436,
                1730236286.2544513
            ],
            "3sigma": [
                1433778018.683902,
                1781277695.2966058
            ],
            "5sigma": [
                1413444099.549396,
                1814019896.5176883
            ],
            "q75%": 1652223308.7019734,
            "q25%": 1565169107.9900067,
            "q99%": 1755950232.41482,
            "q01%": 1470674573.5313683,
            "q90%": 1693782926.2385173,
            "q10%": 1524098016.0992897
        },
        {
            "median": 690.0395251505234,
            "sigma": 165.9445775880394,
            "1sigma": [
                512.1146883044214,
                844.0038434805002
            ],
            "2sigma": [
                392.4775297184351,
                996.5796635560732
            ],
            "3sigma": [
                312.42363203062223,
                1166.8064846802408
            ],
            "5sigma": [
                305.47093744650374,
                1472.2141684626454
            ],
            "q75%": 799.8511632495159,
            "q25%": 569.8235225171267,
            "q99%": 1055.78206638368,
            "q01%": 362.9757950599548,
            "q90%": 889.2171731139687,
            "q10%": 466.5336166446583
        },
        {
            "median": 0.3090659186877791,
            "sigma": 1.1037096204466743,
            "1sigma": [
                -0.8003141040119347,
                1.407105136881414
            ],
            "2sigma": [
                -1.682924793450157,
                1.8656033053160432
            ],
            "3sigma": [
                -2.4530938495046515,
                1.9904747902800846
            ],
            "5sigma": [
                -2.7602917602230335,
                1.9993049473257944
            ],
            "q75%": 1.136313305689181,
            "q25%": -0.466938631700598,
            "q99%": 1.9415190663993809,
            "q01%": -1.9178808133698997,
            "q90%": 1.6047308117001369,
            "q10%": -1.0525748876209386
        },
        {
            "median": -2.2472668706490992,
            "sigma": 0.6606543660741857,
            "1sigma": [
                -2.9385207013981867,
                -1.6172119692498153
            ],
            "2sigma": [
                -3.452794691291895,
                -1.0767393161389693
            ],
            "3sigma": [
                -3.820190505403714,
                -0.6617650268213946
            ],
            "5sigma": [
                -5.574046400913125,
                -0.29659703144581473
            ],
            "q75%": -1.823007278669207,
            "q25%": -2.7279601509984683,
            "q99%": -0.9185246147271815,
            "q01%": -3.5837635658554583,
            "q90%": -1.445207370737176,
            "q10%": -3.0902972192162084
        },
        {
            "median": -2.081724639773037,
            "sigma": 0.8039038917892469,
            "1sigma": [
                -2.897515899156288,
                -1.289708115577794
            ],
            "2sigma": [
                -3.7773240533447767,
                -0.7516740376644804
            ],
            "3sigma": [
                -5.466767812024086,
                -0.39386212494618905
            ],
            "5sigma": [
                -5.996048950528615,
                -0.2680541545845082
            ],
            "q75%": -1.5263441730739455,
            "q25%": -2.616191815819126,
            "q99%": -0.6100577196835,
            "q01%": -4.493994334076501,
            "q90%": -1.0911431732454435,
            "q10%": -3.1414892754644925
        },
        {
            "median": -3.6429162473995342,
            "sigma": 1.523947906173456,
            "1sigma": [
                -5.128759317842235,
                -2.080863505495323
            ],
            "2sigma": [
                -5.815323409753691,
                -1.1035354573261074
            ],
            "3sigma": [
                -5.989491971985349,
                -0.6127947253173553
            ],
            "5sigma": [
                -5.997908299714342,
                -0.277687276688509
            ],
            "q75%": -2.5258680012103767,
            "q25%": -4.73589035952784,
            "q99%": -0.860295984410264,
            "q01%": -5.916618429137795,
            "q90%": -1.7039012243710352,
            "q10%": -5.413820596477226
        },
        {
            "median": -3.3575758514666694,
            "sigma": 1.6456702744273524,
            "1sigma": [
                -4.950805113669634,
                -1.659464564814929
            ],
            "2sigma": [
                -5.787558095492011,
                -0.8113085368835447
            ],
            "3sigma": [
                -5.976640734739491,
                -0.47411592565884997
            ],