{
    "modes": [
        {
            "index": 0,
            "strictly local log-evidence": -12.944531804576142,
            "strictly local log-evidence error": 0.1319152111165868,
            "local log-evidence": -12.944531804576142,
            "local log-evidence error": 0.1319152111165868,
            "mean": [
                2.643672791468945,
                1580410330.0937486,
                660.7649713664636,
                0.07879523263259064,
                -1.8374420620129737,
                -1.842066423436152,
                -3.5256013903941623,
                -3.218834679692902
            ],
            "sigma": [
                0.13891521333310777,
                79794647.23860517,
                171.46322357433056,
                1.174311698951792,
                0.7964285363455391,
                1.067985235816584,
                1.518627661977917,
                1.5824593486946905
            ],
            "maximum": [
                2.682203333708655,
                1474315608.4673529,
                714.8412376344545,
                -2.1170796347558483,
                -1.2007881742845967,
                -0.8178604605525202,
                -2.0249434170959932,
                -4.663574695654834
            ],
            "maximum a posterior": [
                2.682203333708655,
                1474315608.4673529,
                714.8412376344545,
                -2.1170796347558483,
                -1.2007881742845967,
                -0.8178604605525202,
                -2.0249434170959932,
                -4.663574695654834
            ]
        }
    ],
    "nested sampling global log-evidence": -12.403868260192644,
    "nested sampling global log-evidence error": 0.1560580268480305,
    "global evidence": -12.944531804576142,
    "global evidence error": 0.1319152111165868,
    "nested importance sampling global log-evidence": -12.944531804576142,
    "nested importance sampling global log-evidence error": 0.1319152111165868,
    "marginals": [
        {
            "median": 2.6533549775093874,
            "sigma": 0.13682836371790308,
            "1sigma": [
                2.505789490832184,
                2.77944621826799
            ],
            "2sigma": [
                2.3350929565270047,
                2.883642022863802
            ],
            "3sigma": [
                2.1696398107325696,
                2.989340451131587
            ],
            "5sigma": [
                2.02127775634347,
                3.2564015818297696
            ],
            "q75%": 2.739917060781843,
            "q25%": 2.560874405455333,
            "q99%": 2.9268370102106056,
            "q01%": 2.2667896684165214,
            "q90%": 2.810757209498946,
            "q10%": 2.455139981713631
        },
        {
            "median": 1575518136.2231379,
            "sigma": 82710954.24602592,
            "1sigma": [
                1496235338.3517838,
                1661657246.8438356
            ],
            "2sigma": [
                1439920547.1382146,
                1747040572.3573422
            ],
            "3sigma": [
                1404156308.850286,
                1818843337.4794445
            ],
            "5sigma": [
                1399315263.0601974,
                1884170109.7885122
            ],
            "q75%": 1634995278.740426,
            "q25%": 1522139191.3847463,
            "q99%": 1773113073.628903,
            "q01%": 1425226567.022303,
            "q90%": 1685112434.9482927,
            "q10%": 1477945626.7876234
        },
        {
            "median": 652.2986101005484,
            "sigma": 176.63146442807357,
            "1sigma": [
                486.782875166301,
                840.0458040224481
            ],
            "2sigma": [
                356.0267521798559,
                1016.6653173937117
            ],
            "3sigma": [
                300.7451707029831,
                1241.1796433638906
            ],
            "5sigma": [
                300.2093441292457,
                2091.7740097905544
            ],
            "q75%": 771.1412306728166,
            "q25%": 535.8577154902305,
            "q99%": 1118.6768751697482,
            "q01%": 327.82170608566975,
            "q90%": 886.3560317777681,
            "q10%": 435.70398006339985
        },
        {
            "median": 0.16297232989813057,
            "sigma": 1.284829831852321,
            "1sigma": [
                -1.1724860381392812,
                1.3971736255653608
            ],
            "2sigma": [
                -2.3249550540592128,
                1.8821368629321962
            ],
            "3sigma": [
                -3.069901833153117,
                1.9943576312882947
            ],
            "5sigma": [
                -3.311825684591885,
                1.999968746404147
            ],
            "q75%": 1.0319998881652623,
            "q25%": -0.73009590500367,
            "q99%": 1.9461833711905314,
            "q01%": -2.607663659718393,
            "q90%": 1.624794259614325,
            "q10%": -1.560883261478688
        },
        {
            "median": -1.7633028612019668,
            "sigma": 0.8461116122035237,
            "1sigma": [
                -2.7094974652433934,
                -1.017274240836346
            ],
            "2sigma": [
                -3.4953828248167382,
                -0.4941131467974481
            ],
            "3sigma": [
                -4.016038579021376,
                -0.1356655353208463
            ],
            "5sigma": [
                -5.809569001871594,
                -0.019562622520130843
            ],
            "q75%": -1.2211567519936846,
            "q25%": -2.39790422427462,
            "q99%": -0.34785356355854125,
            "q01%": -3.6741938733923107,
            "q90%": -0.8537157041549588,
            "q10%": -2.9608340695247244
        },
        {
            "median": -1.6627498954559845,
            "sigma": 1.0297028096011325,
            "1sigma": [
                -2.8598882685783678,
                -0.8004826493761029
            ],
            "2sigma": [
                -4.579528540463211,
                -0.37346281971218126
            ],
            "3sigma": [
                -5.833334118378871,
                -0.21560467099492267
            ],
            "5sigma": [
                -5.999680610258304,
                -0.10097230388722483
            ],
            "q75%": -1.0291061897150977,
            "q25%": -2.4493447009996285,
            "q99%": -0.2702500463299268,
            "q01%": -5.2942582121497805,
            "q90%": -0.6042990769434542,
            "q10%": -3.2565620816781204
        },
        {
            "median": -3.6290411340040203,
            "sigma": 1.7433202774139254,
            "1sigma": [
                -5.2581508566627795,
                -1.7715103018349287
            ],
            "2sigma": [
                -5.86697499184312,
                -0.659808372341243
            ],
            "3sigma": [
                -5.996420845089607,
                -0.21473687149515347
            ],
            "5sigma": [
                -5.99777527008814,
                -0.1734355652735288
            ],
            "q75%": -2.327637026638442,
            "q25%": -4.831561928156364,
            "q99%": -0.45979743666696093,
            "q01%": -5.9413019244212055,
            "q90%": -1.3399077131119246,
            "q10%": -5.504151337976063
        },
        {
            "median": -3.171375189802406,
            "sigma": 1.8342026957979851,
            "1sigma": [
                -5.080068218985149,
                -1.4116628273891787
            ],
            "2sigma": [
                -5.832531509878532,
                -0.5053831370747394
            ],
            "3sigma": [
                -5.982653335916691,
                -0.23110256026659592
            ],