{
    "modes": [
        {
            "index": 0,
            "strictly local log-evidence": -770231983.598844,
            "strictly local log-evidence error": 0.12165181700331143,
            "local log-evidence": -770231983.598844,
            "local log-evidence error": 0.12165181700331143,
            "mean": [
                2.3544171050452243,
                8706099395.78639,
                705.40527872819,
                786.0523683399007,
                0.8155323535263399,
                -0.3716864546535049,
                -3.952593763271159,
                4.40356598163429,
                0.4240580764285786,
                -2.96443346753253,
                0.8816886018806679,
                3.1653640446213664e-05,
                -0.00015397167559177315,
                -2.102148648469207,
                -1.4491059479514257,
                -3.7148351879612407,
                -5.51933244045348,
                -3.744394543771305
            ],
            "sigma": [
                1.2644054553268208e-07,
                478.9321455070645,
                0.0009387566171430679,
                0.0010789593218788873,
                1.2245731295370741e-05,
                3.8343499352434045e-06,
                1.3394477995779652e-06,
                1.4002398455466193e-05,
                1.1916737266542541e-06,
                2.0604593774609095e-06,
                1.016123719288845e-07,
                4.784566719756121e-10,
                1.3139891457455174e-09,
                9.137219021770889e-07,
                2.6108093155166677e-06,
                5.314515382089319e-07,
                2.340573539265616e-06,
                2.7262202801774197e-06
            ],
            "maximum": [
                2.354416972594087,
                8706099313.006742,
                705.405283282178,
                786.0513004107252,
                0.8155227824084861,
                -0.37168537781561994,
                -3.952594164327733,
                4.403575509599417,
                0.4240561586718332,
                -2.9644367383162766,
                0.881688696927355,
                3.1654358948166856e-05,
                -0.00015397035041856856,
                -2.1021479178426192,
                -1.4491062846196119,
                -3.7148346925504496,
                -5.519332052275939,
                -3.7443904309664813
            ],
            "maximum a posterior": [
                2.354416972594087,
                8706099313.006742,
                705.405283282178,
                786.0513004107252,
                0.8155227824084861,
                -0.37168537781561994,
                -3.952594164327733,
                4.403575509599417,
                0.4240561586718332,
                -2.9644367383162766,
                0.881688696927355,
                3.1654358948166856e-05,
                -0.00015397035041856856,
                -2.1021479178426192,
                -1.4491062846196119,
                -3.7148346925504496,
                -5.519332052275939,
                -3.7443904309664813
            ]
        }
    ],
    "nested sampling global log-evidence": -770231984.5270689,
    "nested sampling global log-evidence error": 1.9015376479625778,
    "global evidence": -770231983.598844,
    "global evidence error": 0.12165181700331143,
    "nested importance sampling global log-evidence": -770231983.598844,
    "nested importance sampling global log-evidence error": 0.12165181700331143,
    "marginals": [
        {
            "median": 2.3544171116339347,
            "sigma": 1.211109008636413e-07,
            "1sigma": [
                2.3544169876742096,
                2.3544172298960113
            ],
            "2sigma": [
                2.3544167912519343,
                2.354417353366524
            ],
            "3sigma": [
                2.3544165826153676,
                2.3544174761387784
            ],
            "5sigma": [
                2.354415968112526,
                2.3544462863224265
            ],
            "q75%": 2.3544171937235134,
            "q25%": 2.354417028023511,
            "q99%": 2.3544173992887423,
            "q01%": 2.3544166948983065,
            "q90%": 2.354417265703056,
            "q10%": 2.354416942382817
        },
        {
            "median": 8706099381.218815,
            "sigma": 143.86671924591064,
            "1sigma": [
                8706099257.050865,
                8706099544.784304
            ],
            "2sigma": [
                8706099148.90784,
                8706099692.572304
            ],
            "3sigma": [
                8706099018.049223,
                8706099948.19806
            ],
            "5sigma": [
                8706098605.675774,
                8706128761.758749
            ],
            "q75%": 8706099485.065086,
            "q25%": 8706099297.109718,
            "q99%": 8706099779.657257,
            "q01%": 8706099095.456917,
            "q90%": 8706099589.613384,
            "q10%": 8706099223.144672
        },
        {
            "median": 705.4052646959254,
            "sigma": 0.0008585035045598488,
            "1sigma": [
                705.4044301653549,
                705.4061471723641
            ],
            "2sigma": [
                705.4036138440642,
                705.4069957728049
            ],
            "3sigma": [
                705.4019033421906,
                705.4084771413868
            ],
            "5sigma": [
                705.3805108115628,
                705.7144151595709
            ],
            "q75%": 705.405850829762,
            "q25%": 705.4047343656404,
            "q99%": 705.407399675391,
            "q01%": 705.403101899633,
            "q90%": 705.4063767229245,
            "q10%": 705.4042106534974
        },
        {
            "median": 786.0523864917382,
            "sigma": 0.0012095636289473077,
            "1sigma": [
                786.0511082757441,
                786.053527403002
            ],
            "2sigma": [
                786.0504762947421,
                786.0540680558167
            ],
            "3sigma": [
                786.0495875137494,
                786.0546268875206
            ],
            "5sigma": [
                786.0477675270766,
                786.100643230787
            ],
            "q75%": 786.0533195633545,
            "q25%": 786.0514744141933,
            "q99%": 786.0543140872098,
            "q01%": 786.0502571898519,
            "q90%": 786.0537084789333,
            "q10%": 786.050898927728
        },
        {
            "median": 0.815532243162702,
            "sigma": 1.1601411717854226e-05,
            "1sigma": [
                0.8155206143622791,
                0.8155438171857148
            ],
            "2sigma": [
                0.8155075849677957,
                0.8155574355794131
            ],
            "3sigma": [
                0.8154968236275498,
                0.8155720094517737
            ],
            "5sigma": [
                0.81549082122778,
                0.8163462209863839
            ],
            "q75%": 0.8155400102985387,
            "q25%": 0.8155246508062818,
            "q99%": 0.8155631539556252,
            "q01%": 0.8155045309884653,
            "q90%": 0.8155476315342066,
            "q10%": 0.8155166374698236
        },
        {
            "median": -0.3716868528390867,
            "sigma": 3.7559965049560606e-06,
            "1sigma": [
                -0.37169022909888416,
                -0.37168271710587425
            ],
            "2sigma": [
                -0.37169289632917346,
                -0.3716789228587521
            ],
            "3sigma": [
                -0.37169617077627953,
                -0.37167406380895424
            ],
            "5sigma": [
                -0.37169879081713675,
                -0.37140530418195183
            ],