{
    "modes": [
        {
            "index": 0,
            "strictly local log-evidence": 1925.72249639331,
            "strictly local log-evidence error": 0.052108063877836314,
            "local log-evidence": 1925.72249639331,
            "local log-evidence error": 0.052108063877836314,
            "mean": [
                2.4428998679478773,
                9330256149.181635,
                598.9946771154496,
                378.556113197363,
                0.9187018622970452,
                -0.09502759146727839,
                -2.1832817638683695,
                8.858812424425238,
                0.014297430653369695,
                -9.821271775828702,
                0.9808473839619414,
                6.036321239955766e-05,
                -0.00015593433875373016,
                -2.9997194348508054,
                -3.3141710108050275,
                -4.436905048555989,
                -6.854919482952331,
                -4.904300130060296
            ],
            "sigma": [
                0.05781941927777085,
                49534198.22352133,
                143.1709193272376,
                161.8932347715951,
                0.07005590540193303,
                0.5510029136874735,
                0.11240721075696088,
                0.8387217189103552,
                0.17433323241402762,
                5.825899777535856,
                0.015114263646817097,
                9.37372450781386e-06,
                1.9349249139013497e-05,
                0.11061932522786759,
                0.2874419332844037,
                0.13614755171914994,
                0.3511517051517233,
                0.12098636314083698
            ],
            "maximum": [
                2.333985787751975,
                9204852048.396894,
                393.82289452969206,
                359.61120274737453,
                0.9326392825743747,
                0.7265514419055474,
                -2.3889569781635647,
                8.874359143017132,
                7.263048078570607e-15,
                -13.88444231893752,
                0.9880763355940098,
                6.179795835452546e-05,
                -0.00016157829431997722,
                -3.061169276076283,
                -3.1349325873014076,
                -4.517790271541646,
                -6.651402856837468,
                -4.816631931181288
            ],
            "maximum a posterior": [
                2.333985787751975,
                9204852048.396894,
                393.82289452969206,
                359.61120274737453,
                0.9326392825743747,
                0.7265514419055474,
                -2.3889569781635647,
                8.874359143017132,
                7.263048078570607e-15,
                -13.88444231893752,
                0.9880763355940098,
                6.179795835452546e-05,
                -0.00016157829431997722,
                -3.061169276076283,
                -3.1349325873014076,
                -4.517790271541646,
                -6.651402856837468,
                -4.816631931181288
            ]
        }
    ],
    "nested sampling global log-evidence": 1932.293127791237,
    "nested sampling global log-evidence error": 0.32193792188174203,
    "global evidence": 1925.72249639331,
    "global evidence error": 0.052108063877836314,
    "nested importance sampling global log-evidence": 1925.72249639331,
    "nested importance sampling global log-evidence error": 0.052108063877836314,
    "marginals": [
        {
            "median": 2.438192277241209,
            "sigma": 0.05792520549914326,
            "1sigma": [
                2.386331649639495,
                2.5021820606377814
            ],
            "2sigma": [
                2.341968095332928,
                2.5651694113186454
            ],
            "3sigma": [
                2.311772868812945,
                2.6495713482681715
            ],
            "5sigma": [
                2.2839738887821626,
                2.7513829642645655
            ],
            "q75%": 2.4804952920303993,
            "q25%": 2.4015956821774984,
            "q99%": 2.595880434527912,
            "q01%": 2.3328507799193865,
            "q90%": 2.5194190474898486,
            "q10%": 2.372319592910769
        },
        {
            "median": 9339200148.46285,
            "sigma": 52607815.557967186,
            "1sigma": [
                9280329380.317741,
                9385545011.433676
            ],
            "2sigma": [
                9209883249.356916,
                9417622589.216175
            ],
            "3sigma": [
                9188353724.680717,
                9441802169.36277
            ],
            "5sigma": [
                9185152156.374603,
                9464132780.128885
            ],
            "q75%": 9359570719.814104,
            "q25%": 9289124243.849201,
            "q99%": 9425522994.315617,
            "q01%": 9200668799.391777,
            "q90%": 9391094457.946331,
            "q10%": 9273976090.855787
        },
        {
            "median": 602.9217472668815,
            "sigma": 152.60644087710463,
            "1sigma": [
                443.95021705347,
                749.1630988076793
            ],
            "2sigma": [
                346.38941094546266,
                864.2984001128159
            ],
            "3sigma": [
                193.8778027611125,
                972.9388495058772
            ],
            "5sigma": [
                100.21690028909808,
                1088.2774775584974
            ],
            "q75%": 705.4157475080976,
            "q25%": 491.96299157237894,
            "q99%": 903.8845997788849,
            "q01%": 306.89926867955654,
            "q90%": 784.4963042055017,
            "q10%": 404.7676155286961
        },
        {
            "median": 373.3123745702791,
            "sigma": 174.1409317808874,
            "1sigma": [
                199.52352598816188,
                547.8053895499366
            ],
            "2sigma": [
                118.76484689272085,
                711.2400932063646
            ],
            "3sigma": [
                102.0649107177129,
                858.8075187049415
            ],
            "5sigma": [
                100.05036944660672,
                962.7294716375029
            ],
            "q75%": 498.11018542498334,
            "q25%": 246.4447345812112,
            "q99%": 774.6939167713348,
            "q01%": 107.84236083672117,
            "q90%": 592.4305196680654,
            "q10%": 163.4108954673752
        },
        {
            "median": 0.9358701485993091,
            "sigma": 0.07881665588609438,
            "1sigma": [
                0.8341365376439938,
                0.9917698494161825
            ],
            "2sigma": [
                0.7698132861495026,
                0.9996882951931599
            ],
            "3sigma": [
                0.7513857933257506,
                0.9999992392125695
            ],
            "5sigma": [
                0.7499810830934764,
                0.9999999800079348
            ],
            "q75%": 0.9810247372882004,
            "q25%": 0.8662296929694532,
            "q99%": 0.9999426602678264,
            "q01%": 0.7606500888134485,
            "q90%": 0.9963565961115997,
            "q10%": 0.8086101568573973
        },
        {
            "median": -0.10472322106266897,
            "sigma": 0.5420425792184961,
            "1sigma": [
                -0.6118245126599359,
                0.47226064577705623
            ],
            "2sigma": [
                -1.1135271388295584,
                0.8987754567785907
            ],
            "3sigma": [
                -2.9090951402143057,
                1.6035569612925815
            ],
            "5sigma": [
                -3.9995101454007,
                1.9943185869548505
            ],
            "q75%": 0.2774313987783219,
            "q25%": -0.4412849731615656,